{
    "1016195-10169000069": {
        "nu_energy": 10296.8994140625,
        "q2": 1034787.5,
        "mom": 8075.10302734375,
        "ang": 0.11076679080724716,
        "vtx_x": 61.64063837732699,
        "vtx_y": 37.128159933480795,
        "vtx_z": -8.966833881253116
    },
    "1009116-10095000087": {
        "nu_energy": 2629.035400390625,
        "q2": 219514.125,
        "mom": 1673.5538330078125,
        "ang": 0.21977683901786804,
        "vtx_x": -50.90060155890045,
        "vtx_y": -50.32463693319804,
        "vtx_z": 15.989467426073128
    },
    "1009164-10098000028": {
        "nu_energy": 5603.45947265625,
        "q2": 1674980.5,
        "mom": 3683.55517578125,
        "ang": 0.28600651025772095,
        "vtx_x": -5.865947199162479,
        "vtx_y": 44.98038074254406,
        "vtx_z": 27.79212217385542
    },
    "1003115-10035000030": {
        "nu_energy": 5546.10498046875,
        "q2": 487006.375,
        "mom": 4118.2822265625,
        "ang": 0.14693845808506012,
        "vtx_x": -39.21106094084109,
        "vtx_y": -5.063466270426337,
        "vtx_z": -28.991058069093427
    },
    "1001151-10017000077": {
        "nu_energy": 5450.212890625,
        "q2": 94453.0625,
        "mom": 4639.4365234375,
        "ang": 0.06136425957083702,
        "vtx_x": 41.57900500053572,
        "vtx_y": 30.279603911647218,
        "vtx_z": 13.834141932860506
    },
    "1023063-10233000018": {
        "nu_energy": 5276.7763671875,
        "q2": 764402.6875,
        "mom": 4420.64599609375,
        "ang": 0.17978818714618683,
        "vtx_x": -43.046776296978365,
        "vtx_y": -33.72867370006329,
        "vtx_z": 9.901471179714878
    },
    "1023114-10235000047": {
        "nu_energy": 5548.9609375,
        "q2": 110437.9375,
        "mom": 4555.84033203125,
        "ang": 0.06604290008544922,
        "vtx_x": 63.51020007866855,
        "vtx_y": 34.69975320108085,
        "vtx_z": 5.811069262060441
    },
    "1007104-10074000097": {
        "nu_energy": 7469.5087890625,
        "q2": 878190.0,
        "mom": 5775.49755859375,
        "ang": 0.1414087861776352,
        "vtx_x": 22.49314646166242,
        "vtx_y": 47.58838138003424,
        "vtx_z": -51.08791869283481
    },
    "1007105-10075000000": {
        "nu_energy": 5922.6611328125,
        "q2": 1421855.0,
        "mom": 2910.566162109375,
        "ang": 0.28669044375419617,
        "vtx_x": -14.390785843848805,
        "vtx_y": 38.77062767758026,
        "vtx_z": -54.55878648246143
    },
    "1007195-10079000025": {
        "nu_energy": 7247.65869140625,
        "q2": 415745.4375,
        "mom": 6521.6484375,
        "ang": 0.09359259903430939,
        "vtx_x": 14.38021621375187,
        "vtx_y": -64.06323285940883,
        "vtx_z": 13.441374101219534
    },
    "1019137-10196000068": {
        "nu_energy": 8708.693359375,
        "q2": 854207.5,
        "mom": 7180.52392578125,
        "ang": 0.11750760674476624,
        "vtx_x": 44.414934789849475,
        "vtx_y": 19.310419215476504,
        "vtx_z": -53.41079621044459
    },
    "1019186-10198000075": {
        "nu_energy": 8757.5888671875,
        "q2": 607576.25,
        "mom": 7957.578125,
        "ang": 0.09372324496507645,
        "vtx_x": 30.954406230402615,
        "vtx_y": 1.7849202291796091,
        "vtx_z": 43.802303219102406
    },
    "1004052-10042000074": {
        "nu_energy": 6372.36865234375,
        "q2": 1945438.0,
        "mom": 3068.677734375,
        "ang": 0.31516027450561523,
        "vtx_x": -31.984231128183094,
        "vtx_y": -57.83513233404997,
        "vtx_z": 52.97653004781648
    },
    "1004112-10046000001": {
        "nu_energy": 4228.328125,
        "q2": 1080065.5,
        "mom": 2751.16748046875,
        "ang": 0.3045038878917694,
        "vtx_x": -43.02929434535371,
        "vtx_y": 0.7564235276627054,
        "vtx_z": -31.332373335966494
    },
    "1006028-10061000053": {
        "nu_energy": 11415.8955078125,
        "q2": 278225.0625,
        "mom": 10668.0927734375,
        "ang": 0.048124510794878006,
        "vtx_x": -51.40081835179947,
        "vtx_y": -24.456541612191625,
        "vtx_z": -47.053272842838155
    },
    "1006086-10064000036": {
        "nu_energy": 7645.49755859375,
        "q2": 168432.375,
        "mom": 7204.80810546875,
        "ang": 0.055473800748586655,
        "vtx_x": 8.385974894914447,
        "vtx_y": -24.891834926113717,
        "vtx_z": 60.381089141740254
    },
    "1006167-10068000030": {
        "nu_energy": 6204.84912109375,
        "q2": 378932.5,
        "mom": 4626.29248046875,
        "ang": 0.11475658416748047,
        "vtx_x": -46.48432556441316,
        "vtx_y": 57.59130476625926,
        "vtx_z": -36.96284390075242
    },
    "1022081-10224000007": {
        "nu_energy": 11647.40625,
        "q2": 5013424.0,
        "mom": 6919.6923828125,
        "ang": 0.2486375868320465,
        "vtx_x": -36.79001128014238,
        "vtx_y": -5.3192283046407836,
        "vtx_z": 59.07207041085753
    },
    "1000072-10003000081": {
        "nu_energy": 5686.52392578125,
        "q2": 1101964.75,
        "mom": 4620.732421875,
        "ang": 0.20426572859287262,
        "vtx_x": -41.49829619409931,
        "vtx_y": -39.06727178329751,
        "vtx_z": 34.89159095430344
    },
    "1000136-10006000095": {
        "nu_energy": 6590.72802734375,
        "q2": 380148.9375,
        "mom": 5891.37841796875,
        "ang": 0.09853722155094147,
        "vtx_x": 11.741043010378078,
        "vtx_y": -7.311461703526399,
        "vtx_z": -37.28251185347287
    },
    "1000143-10007000026": {
        "nu_energy": 7738.8154296875,
        "q2": 1242652.0,
        "mom": 4759.1435546875,
        "ang": 0.18274599313735962,
        "vtx_x": -24.06322795031011,
        "vtx_y": -18.92626830712458,
        "vtx_z": -51.64071367055876
    },
    "1010029-10101000028": {
        "nu_energy": 4554.2041015625,
        "q2": 75201.4375,
        "mom": 3759.69677734375,
        "ang": 0.06641218066215515,
        "vtx_x": -7.858652691864254,
        "vtx_y": 38.431407637403936,
        "vtx_z": 5.660000415777891
    },
    "1012092-10124000063": {
        "nu_energy": 6226.35009765625,
        "q2": 27615.5,
        "mom": 5616.380859375,
        "ang": 0.027114732190966606,
        "vtx_x": -28.382271374270996,
        "vtx_y": 36.59514427438657,
        "vtx_z": 8.643644921482162
    },
    "1014063-10143000022": {
        "nu_energy": 7378.05126953125,
        "q2": 1360900.0,
        "mom": 4869.65576171875,
        "ang": 0.19391630589962006,
        "vtx_x": -25.287062363254787,
        "vtx_y": -22.37453854722172,
        "vtx_z": -31.786965644723598
    },
    "1014136-10147000005": {
        "nu_energy": 2980.67041015625,
        "q2": 500813.125,
        "mom": 2130.060302734375,
        "ang": 0.2793647050857544,
        "vtx_x": 42.81739172851712,
        "vtx_y": 40.7586701148647,
        "vtx_z": 61.37011513654621
    },
    "1005024-10051000004": {
        "nu_energy": 6738.14208984375,
        "q2": 40181.2578125,
        "mom": 6414.37548828125,
        "ang": 0.030685322359204292,
        "vtx_x": -17.750509929267867,
        "vtx_y": 8.830164271294661,
        "vtx_z": 65.47692425570284
    },
    "1005065-10053000018": {
        "nu_energy": 6878.810546875,
        "q2": 4556069.0,
        "mom": 3479.3017578125,
        "ang": 0.4403727948665619,
        "vtx_x": 63.14035665795769,
        "vtx_y": -12.48480689000417,
        "vtx_z": 52.9210867887975
    },
    "1005193-10059000012": {
        "nu_energy": 6448.4580078125,
        "q2": 1048431.0,
        "mom": 2975.3955078125,
        "ang": 0.23222596943378448,
        "vtx_x": -41.33654259588231,
        "vtx_y": -52.11628839207921,
        "vtx_z": 51.498778140109366
    },
    "1018163-10188000038": {
        "nu_energy": 7724.31787109375,
        "q2": 92238.5625,
        "mom": 7306.87841796875,
        "ang": 0.04101850464940071,
        "vtx_x": 36.48680027183154,