{
    "1004052-10042000074": {
        "nu_energy": 6372.36865234375,
        "q2": 1945438.0,
        "mom": 3068.677734375,
        "ang": 0.31516027450561523,
        "vtx_x": -31.98423194885254,
        "vtx_y": -57.83513259887695,
        "vtx_z": 52.97652816772461
    },
    "1004112-10046000001": {
        "nu_energy": 4228.328125,
        "q2": 1080065.5,
        "mom": 2751.16748046875,
        "ang": 0.3045038878917694,
        "vtx_x": -43.029293060302734,
        "vtx_y": 0.7564235329627991,
        "vtx_z": -31.332372665405273
    },
    "1006028-10061000053": {
        "nu_energy": 11415.8955078125,
        "q2": 278225.0625,
        "mom": 10668.0927734375,
        "ang": 0.048124510794878006,
        "vtx_x": -51.40081787109375,
        "vtx_y": -24.456541061401367,
        "vtx_z": -47.05327224731445
    },
    "1006086-10064000036": {
        "nu_energy": 7645.49755859375,
        "q2": 168432.375,
        "mom": 7204.80810546875,
        "ang": 0.055473800748586655,
        "vtx_x": 8.385974884033203,
        "vtx_y": -24.891834259033203,
        "vtx_z": 60.38108825683594
    },
    "1006167-10068000030": {
        "nu_energy": 6204.84912109375,
        "q2": 378932.5,
        "mom": 4626.29248046875,
        "ang": 0.11475658416748047,
        "vtx_x": -46.48432540893555,
        "vtx_y": 57.591304779052734,
        "vtx_z": -36.96284484863281
    },
    "1009116-10095000087": {
        "nu_energy": 2629.035400390625,
        "q2": 219514.125,
        "mom": 1673.5538330078125,
        "ang": 0.21977683901786804,
        "vtx_x": -50.90060043334961,
        "vtx_y": -50.32463836669922,
        "vtx_z": 15.98946762084961
    },
    "1009164-10098000028": {
        "nu_energy": 5603.45947265625,
        "q2": 1674980.5,
        "mom": 3683.55517578125,
        "ang": 0.28600651025772095,
        "vtx_x": -5.865947246551514,
        "vtx_y": 44.98038101196289,
        "vtx_z": 27.79212188720703
    }
}